num_sols,mmd_num,l2_num,l2_std_num,ang_num,ang_std_num,mmd_nsf,l2_nsf,l2_std_nsf,ang_nsf,ang_std_nsf,mmd_paik,l2_paik,l2_std_paik,ang_paik,ang_std_paik
50,0.0,0.4206078606067848,0.3215562697896087,0.05169286316384113,0.002511619395129417,4.81,2.713282678997085,2.236893590803605,1.6732747955771645,4.170366808861705,1.06,3.6827771939621092,8.131702306521566,1.7550882322522738,4.732374348056797
100,0.0,0.4216616813019921,0.32145926042204986,0.05170842436558876,0.002601014786302478,4.77,2.7083219067548203,2.2389071903880358,1.6565673626899278,3.947210448328989,0.94,3.6736242030831723,8.276304802682668,1.7858871296554113,5.158766239836708
200,0.0,0.42209669681290846,0.32093639963968085,0.05170955677171861,0.0026294971275691702,4.75,2.7143018085192043,2.2761537327354207,1.666392387870456,4.0884741198356975,0.9,3.733353680325687,9.01885496721577,1.831262474726779,5.620876894445752
500,0.0,0.4228036281059668,0.3206918116863037,0.05169420672127189,0.002564902135896967,4.73,2.7164465516384864,2.2997647717710272,1.6629181555147023,4.042949150271756,0.84,3.7992717622307097,9.649048725521228,1.8850796622134223,5.786247749980619
1000,0.0,0.4223299024289626,0.32112041534009783,0.051705396396356705,0.0026080475809508842,4.72,2.713778197235899,2.287090861951419,1.6629256337644192,4.012710445786802,0.81,3.8690909671640257,10.088493128803268,1.9356255700665965,5.997222878095944
2000,0.0,0.42285083625770703,0.321474155271219,0.05170668128824655,0.0026101966216227966,4.72,2.713971039213713,2.290760249829949,1.6663322414459667,4.0878344108185924,0.79,3.9172878508060505,10.264082298981513,1.9865932649310307,6.232583893304237
